group,num_runs,success_rate,time_to_goal_mean,time_to_goal_std,min_clearance_mean,min_clearance_std,mean_speed_mean,mean_speed_std,mean_acc_mean,mean_acc_std,max_acc_mean,max_acc_std
no_dynamic,12,0.6666666666666666,57.79116666666667,25.379602700641797,0.38258333333333333,0.08843226306905841,0.4636383333333333,0.04452820406384604,0.4915284166666667,0.0904166941076484,13.229872166666667,2.248676699601056
no_safety,12,0.8333333333333334,54.440416666666664,23.720623383876255,0.19,0.060482905173129854,0.4628590833333333,0.045057225658969864,0.621063,0.09765484307963988,17.144956083333334,3.1226268821967964
ours,12,0.9166666666666666,38.9035,17.34923120906095,0.5256666666666666,0.08732523672854811,0.44974416666666667,0.03550130314338879,0.51235325,0.0785249666668043,10.85896475,1.7307653177448368
